date,tweet
2022-04-19 10:01:32+00:00,RT @bahattinyucel: Ä°nsana yok artÄ±k dedirtecek kadar ilkel bir yaÄŸmacÄ±lÄ±k Ã¶rneÄŸi.
2022-04-19 10:01:30+00:00,"Siri, whatâ€™s a super-spreader? https://t.co/4kdrq2OLzx"
2022-04-19 10:00:45+00:00,"Ekspertiz uzmanÄ± uyardÄ±: 'Mutkaka TSE belgesi olan yerden rapor alÄ±n'
https://t.co/whMkve5JhY https://t.co/zHjTHutz9G"
2022-04-19 10:00:28+00:00,"RT @CumhuriyetYasam: UzmanÄ± aÃ§Ä±kladÄ±: GÃ¼nde kaÃ§ Ã¶ÄŸÃ¼n yemek yemeliyiz? 
https://t.co/Y09LmiQ7S0 https://t.co/fwTxlVBm8y"
2022-04-19 10:00:23+00:00,"RT @CumhuriyetYasam: Kalp bÃ¼yÃ¼mesi neden olur? Kalp bÃ¼yÃ¼mesinin belirtileri nelerdir? UzmanÄ± aÃ§Ä±kladÄ±...
https://t.co/Q4hTT1WtZq https://t.â€¦"
2022-04-19 10:00:23+00:00,"Make better hiring decisions by uncovering anyoneâ€™s social media activity in seconds. 

5-second background checks:â€¦ https://t.co/V1v2yJMXil"
2022-04-19 10:00:21+00:00,The Kraken announced that it added former Seahawks running back Marshawn Lynch and hip-hop star Macklemore as minorâ€¦ https://t.co/f98vyf3WKl
2022-04-19 10:00:18+00:00,How a Mariupol steel plant became a holdout for the cityâ€™s resistance https://t.co/qqXCLMnNqB
2022-04-19 10:00:08+00:00,"The famous Maya calendar may have been in use a century earlier than we thought, extending its history back about 2â€¦ https://t.co/XkOg1xF7RR"
2022-04-19 10:00:08+00:00,"TalentGrid'den bu haftanÄ±n Ã¶nerileri! âœ¨

âœï¸Blog: https://t.co/xDV3fP8YaX
@MertSusur 

ğŸ™ï¸Podcast:â€¦ https://t.co/z9EWj5FPox"
2022-04-19 10:00:07+00:00,"Happening tomorrow! 
Looking for expert knowledge about SAP #CloudALM? Want to share your experiences or ask questiâ€¦ https://t.co/N96QMe3XQL"
2022-04-19 10:00:05+00:00,"Got C/C++ on your mind? ğŸ§ 

Check out this post by @byte89, where he takes a look at how directory traversal vulneraâ€¦ https://t.co/hpkxYpI1Pf"
2022-04-19 10:00:02+00:00,"Kinder Ã¼rÃ¼nleri Salmonella salgÄ±nÄ± yarattÄ±, bakanlÄ±k analiz zorunluluÄŸu getirdi

AyrÄ±ntÄ±lar canlÄ± anlatÄ±m sayfamÄ±zdâ€¦ https://t.co/pl63WT7xQU"
2022-04-19 10:00:01+00:00,"On a new episode of #AzureFriday, @MauriDB joins @SQLGal in the first of a series on #AzureSQL Database to discussâ€¦ https://t.co/5KIRrDSH0v"
2022-04-19 10:00:01+00:00,"Miracles do happen: A woman in Buenos Aires, Argentina survived after falling under a moving train when she apparenâ€¦ https://t.co/IN0dx3uLuw"
2022-04-19 10:00:01+00:00,Is MHP Chair Devlet BahÃ§eli trying to woo back some nationalist figures from the Ä°YÄ° Parti after its administrativeâ€¦ https://t.co/P5otsNH9pp
2022-04-19 10:00:01+00:00,Fahrettin Altun: TÃ¼rkiye'nin performansÄ± yeterince takdir edilmedi https://t.co/HOU6wpQ5wA
2022-04-19 10:00:00+00:00,"Yalanabilir TVâ€™nin mucidi ekipten yeni icat: Yerken tuz tadÄ±nÄ± artÄ±ran Ã§ubuk

https://t.co/GwN93K0kjH https://t.co/Pgzdlm9MJv"
2022-04-19 10:00:00+00:00,"Ø²Ø¹ÙŠÙ… Ø§Ù„ØªÙŠØ§Ø± Ø§Ù„ØµØ¯Ø±ÙŠ: ""#Ø§Ù„Ø¹Ø±Ø§Ù‚ Ø¯ÙˆÙ„Ø© Ø°Ø§Øª Ø³ÙŠØ§Ø¯Ø© ÙƒØ§Ù…Ù„Ø© ÙˆÙ„Ù† ÙŠÙ‚Ø¨Ù„ Ø¨Ø§Ù„ØªØ¹Ø¯ÙŠ ÙˆØ²Ø¹Ø²Ø¹Ø© Ø§Ù„Ø£Ù…Ù† ÙÙŠ Ø£Ø±Ø§Ø¶ÙŠÙ‡ØŒ ÙƒÙ…Ø§ ÙˆÙ„Ù† ÙŠÙ‚Ø¨Ù„ Ø¨Ø§Ù„Ø§Ø¹ØªØ¯Ø§Ø¡ Ø¹â€¦ https://t.co/Vu7p3fOwHM"
2022-04-19 10:00:00+00:00,"KasÄ±m TaÅŸdoÄŸan Konseriâ­ï¸

22 Nisan saat: 20.30

Bilet almak iÃ§inğŸ”»
https://t.co/r5HnOwY8tf https://t.co/pFpE5ElgSo"
